CODIGO;CLIENTE;Valor Total; Acrescimo; Taxas Marketplace; Desconto;Valor Recebido; Forma de Pagamento; Canal;Data
01042026;Cliente Diversos;704,25;0;0;0;704,25;PIX;LOJA;01/04/2026
01042026;Cliente Diversos;0;0;0;0;0;PIX;LOJA;01/04/2026
01042026;Cliente Diversos;797,81;0;0;0;797,81;PIX;LOJA;01/04/2026
01042026;Cliente Diversos;85,4;0;0;0;85,4;PIX;LOJA;01/04/2026
01042026;Cliente Diversos;289,8;0;0;0;289,8;PIX;LOJA;01/04/2026
01042026;Cliente Diversos;1500;0;0;0;1500;PIX;LOJA;01/04/2026
01042026;Cliente Diversos;139,9;0;0;0;139,9;PIX;LOJA;01/04/2026
01042026;Cliente Diversos;64,95;0;0;0;64,95;PIX;LOJA;01/04/2026
01042026;Cliente Diversos;339,9;0;0;0;339,9;PIX;LOJA;01/04/2026
02042026;Cliente Diversos;279,9;0;0;0;279,9;PIX;LOJA;02/04/2026
02042026;Cliente Diversos;289,9;0;0;0;289,9;PIX;LOJA;02/04/2026
02042026;Cliente Diversos;359,75;0;0;0;359,75;PIX;LOJA;02/04/2026
02042026;Cliente Diversos;299,9;0;0;0;299,9;PIX;LOJA;02/04/2026
02042026;Cliente Diversos;99,9;0;0;0;99,9;PIX;LOJA;02/04/2026
02042026;Cliente Diversos;89,9;0;0;0;89,9;PIX;LOJA;02/04/2026
03042026;Cliente Diversos;789,4;0;0;0;789,4;PIX;LOJA;03/04/2026
03042026;Cliente Diversos;179,9;0;0;0;179,9;PIX;LOJA;03/04/2026
03042026;Cliente Diversos;419,6;0;0;0;419,6;PIX;LOJA;03/04/2026
03042026;Cliente Diversos;239,84;0;0;0;239,84;PIX;LOJA;03/04/2026
03042026;Cliente Diversos;89,9;0;0;0;89,9;PIX;LOJA;03/04/2026
03042026;Cliente Diversos;609,8;0;0;0;609,8;PIX;LOJA;03/04/2026
04042026;Cliente Diversos;357,81;0;0;0;357,81;PIX;LOJA;04/04/2026
04042026;Cliente Diversos;939,7;0;0;0;939,7;PIX;LOJA;04/04/2026
04042026;Cliente Diversos;419,8;0;0;0;419,8;PIX;LOJA;04/04/2026
04042026;Cliente Diversos;0;0;0;0;0;PIX;LOJA;04/04/2026
04042026;Cliente Diversos;559,9;0;0;0;559,9;PIX;LOJA;04/04/2026
04042026;Cliente Diversos;699,9;0;0;0;699,9;PIX;LOJA;04/04/2026
04042026;Cliente Diversos;219,9;0;0;0;219,9;PIX;LOJA;04/04/2026
04042026;Cliente Diversos;599,9;0;0;0;599,9;PIX;LOJA;04/04/2026
04042026;Cliente Diversos;0;0;0;0;0;PIX;LOJA;04/04/2026
04042026;Cliente Diversos;620,55;0;0;0;620,55;PIX;LOJA;04/04/2026
04042026;Cliente Diversos;295,76;0;0;0;295,76;PIX;LOJA;04/04/2026
04042026;Cliente Diversos;359,8;0;0;0;359,8;PIX;LOJA;04/04/2026
04042026;Cliente Diversos;919,5;0;0;0;919,5;PIX;LOJA;04/04/2026
04042026;Cliente Diversos;219,9;0;0;0;219,9;PIX;LOJA;04/04/2026
04042026;Cliente Diversos;719,9;0;0;0;719,9;PIX;LOJA;04/04/2026
04042026;Cliente Diversos;239,8;0;0;0;239,8;PIX;LOJA;04/04/2026
04042026;Cliente Diversos;326,52;0;0;0;326,52;PIX;LOJA;04/04/2026
04042026;Cliente Diversos;249,8;0;0;0;249,8;PIX;LOJA;04/04/2026
05042026;Cliente Diversos;179,8;0;0;0;179,8;PIX;LOJA;05/04/2026
05042026;Cliente Diversos;370,3;0;0;0;370,3;PIX;LOJA;05/04/2026
05042026;Cliente Diversos;129,9;0;0;0;129,9;PIX;LOJA;05/04/2026
05042026;Cliente Diversos;229,9;0;0;0;229,9;PIX;LOJA;05/04/2026
05042026;Cliente Diversos;1043,55;0;0;0;1043,55;PIX;LOJA;05/04/2026
06042026;Cliente Diversos;4678,7;0;0;0;4678,7;PIX;LOJA;06/04/2026
06042026;Cliente Diversos;449,8;0;0;0;449,8;PIX;LOJA;06/04/2026
07042026;Cliente Diversos;179,9;0;0;0;179,9;PIX;LOJA;07/04/2026
07042026;Cliente Diversos;788,72;0;0;0;788,72;PIX;LOJA;07/04/2026
07042026;Cliente Diversos;179,91;0;0;0;179,91;PIX;LOJA;07/04/2026
08042026;Cliente Diversos;584,82;0;0;0;584,82;PIX;LOJA;08/04/2026
08042026;Cliente Diversos;279,9;0;0;0;279,9;PIX;LOJA;08/04/2026
08042026;Cliente Diversos;391,84;0;0;0;391,84;PIX;LOJA;08/04/2026
08042026;Cliente Diversos;62,93;0;0;0;62,93;PIX;LOJA;08/04/2026
08042026;Cliente Diversos;949,7;0;0;0;949,7;PIX;LOJA;08/04/2026
08042026;Cliente Diversos;179,9;0;0;0;179,9;PIX;LOJA;08/04/2026
08042026;Cliente Diversos;499,9;0;0;0;499,9;PIX;LOJA;08/04/2026
09042026;Cliente Diversos;185;0;0;0;185;PIX;LOJA;09/04/2026
09042026;Cliente Diversos;599,8;0;0;0;599,8;PIX;LOJA;09/04/2026
09042026;Cliente Diversos;1067,63;0;0;0;1067,63;PIX;LOJA;09/04/2026
09042026;Cliente Diversos;1242,68;0;0;0;1242,68;PIX;LOJA;09/04/2026
10042026;Cliente Diversos;449,8;0;0;0;449,8;PIX;LOJA;10/04/2026
10042026;Cliente Diversos;519,8;0;0;0;519,8;PIX;LOJA;10/04/2026
10042026;Cliente Diversos;179,8;0;0;0;179,8;PIX;LOJA;10/04/2026
10042026;Cliente Diversos;223,92;0;0;0;223,92;PIX;LOJA;10/04/2026
10042026;Cliente Diversos;134,85;0;0;0;134,85;PIX;LOJA;10/04/2026
10042026;Cliente Diversos;251,91;0;0;0;251,91;PIX;LOJA;10/04/2026
10042026;Cliente Diversos;159,9;0;0;0;159,9;PIX;LOJA;10/04/2026
10042026;Cliente Diversos;161,91;0;0;0;161,91;PIX;LOJA;10/04/2026
10042026;Cliente Diversos;249,95;0;0;0;249,95;PIX;LOJA;10/04/2026
10042026;Cliente Diversos;159,9;0;0;0;159,9;PIX;LOJA;10/04/2026
11042026;Cliente Diversos;669,7;0;0;0;669,7;PIX;LOJA;11/04/2026
11042026;Cliente Diversos;359,8;0;0;0;359,8;PIX;LOJA;11/04/2026
11042026;Cliente Diversos;89,9;0;0;0;89,9;PIX;LOJA;11/04/2026
11042026;Cliente Diversos;389,7;0;0;0;389,7;PIX;LOJA;11/04/2026
11042026;Cliente Diversos;419,8;0;0;0;419,8;PIX;LOJA;11/04/2026
11042026;Cliente Diversos;20;0;0;0;20;PIX;LOJA;11/04/2026
11042026;Cliente Diversos;159,9;0;0;0;159,9;PIX;LOJA;11/04/2026
11042026;Cliente Diversos;64,95;0;0;0;64,95;PIX;LOJA;11/04/2026
11042026;Cliente Diversos;209,79;0;0;0;209,79;PIX;LOJA;11/04/2026
11042026;Cliente Diversos;253,95;0;0;0;253,95;PIX;LOJA;11/04/2026
12042026;Cliente Diversos;259,85;0;0;0;259,85;PIX;LOJA;12/04/2026
12042026;Cliente Diversos;468,81;0;0;0;468,81;PIX;LOJA;12/04/2026
12042026;Cliente Diversos;369,8;0;0;0;369,8;PIX;LOJA;12/04/2026
12042026;Cliente Diversos;809,4;0;0;0;809,4;PIX;LOJA;12/04/2026
12042026;Cliente Diversos;479,7;0;0;0;479,7;PIX;LOJA;12/04/2026
12042026;Cliente Diversos;629,6;0;0;0;629,6;PIX;LOJA;12/04/2026
12042026;Cliente Diversos;0;0;0;0;0;PIX;LOJA;12/04/2026
12042026;Cliente Diversos;179,8;0;0;0;179,8;PIX;LOJA;12/04/2026
13042026;Cliente Diversos;859,75;0;0;0;859,75;PIX;LOJA;13/04/2026
13042026;Cliente Diversos;299,8;0;0;0;299,8;PIX;LOJA;13/04/2026
13042026;Cliente Diversos;0;0;0;0;0;PIX;LOJA;13/04/2026
13042026;Cliente Diversos;269,7;0;0;0;269,7;PIX;LOJA;13/04/2026
13042026;Cliente Diversos;364,83;0;0;0;364,83;PIX;LOJA;13/04/2026
13042026;Cliente Diversos;119,9;0;0;0;119,9;PIX;LOJA;13/04/2026
13042026;Cliente Diversos;251,91;0;0;0;251,91;PIX;LOJA;13/04/2026
14042026;Cliente Diversos;442,24;0;0;0;442,24;PIX;LOJA;14/04/2026
15042026;Cliente Diversos;104,93;0;0;0;104,93;PIX;LOJA;15/04/2026
15042026;Cliente Diversos;339,9;0;0;0;339,9;PIX;LOJA;15/04/2026
16042026;Cliente Diversos;494,55;0;0;0;494,55;PIX;LOJA;16/04/2026
16042026;Cliente Diversos;303,84;0;0;0;303,84;PIX;LOJA;16/04/2026
16042026;Cliente Diversos;1151,84;0;0;0;1151,84;PIX;LOJA;16/04/2026
16042026;Cliente Diversos;329,8;0;0;0;329,8;PIX;LOJA;16/04/2026
16042026;Cliente Diversos;279,9;0;0;0;279,9;PIX;LOJA;16/04/2026
16042026;Cliente Diversos;519,65;0;0;0;519,65;PIX;LOJA;16/04/2026
16042026;Cliente Diversos;0;0;0;0;0;PIX;LOJA;16/04/2026
16042026;Cliente Diversos;421,62;0;0;0;421,62;PIX;LOJA;16/04/2026
16042026;Cliente Diversos;983,92;0;0;0;983,92;PIX;LOJA;16/04/2026
17042026;Cliente Diversos;1129,4;0;0;0;1129,4;PIX;LOJA;17/04/2026
17042026;Cliente Diversos;1639,5;0;0;0;1639,5;PIX;LOJA;17/04/2026
17042026;Cliente Diversos;1700,01;0;0;0;1700,01;PIX;LOJA;17/04/2026
17042026;Cliente Diversos;779,5;0;0;0;779,5;PIX;LOJA;17/04/2026
17042026;Cliente Diversos;629,7;0;0;0;629,7;PIX;LOJA;17/04/2026
17042026;Cliente Diversos;199,7;0;0;0;199,7;PIX;LOJA;17/04/2026
17042026;Cliente Diversos;99,9;0;0;0;99,9;PIX;LOJA;17/04/2026
17042026;Cliente Diversos;819,75;0;0;0;819,75;PIX;LOJA;17/04/2026
18042026;Cliente Diversos;755,73;0;0;0;755,73;PIX;LOJA;18/04/2026
18042026;Cliente Diversos;209,91;0;0;0;209,91;PIX;LOJA;18/04/2026
18042026;Cliente Diversos;668,97;0;0;0;668,97;PIX;LOJA;18/04/2026
18042026;Cliente Diversos;3483,95;0;0;0;3483,95;PIX;LOJA;18/04/2026
18042026;Cliente Diversos;559,7;0;0;0;559,7;PIX;LOJA;18/04/2026
18042026;Cliente Diversos;1109,6;0;0;0;1109,6;PIX;LOJA;18/04/2026
18042026;Cliente Diversos;199,9;0;0;0;199,9;PIX;LOJA;18/04/2026
18042026;Cliente Diversos;190;0;0;0;190;PIX;LOJA;18/04/2026
18042026;Cliente Diversos;179,8;0;0;0;179,8;PIX;LOJA;18/04/2026
18042026;Cliente Diversos;170,8;0;0;0;170,8;PIX;LOJA;18/04/2026
18042026;Cliente Diversos;1164,65;0;0;0;1164,65;PIX;LOJA;18/04/2026
18042026;Cliente Diversos;539,6;0;0;0;539,6;PIX;LOJA;18/04/2026
18042026;Cliente Diversos;735,76;0;0;0;735,76;PIX;LOJA;18/04/2026
18042026;Cliente Diversos;496,71;0;0;0;496,71;PIX;LOJA;18/04/2026
18042026;Cliente Diversos;219,8;0;0;0;219,8;PIX;LOJA;18/04/2026
19042026;Cliente Diversos;201,37;0;0;0;201,37;PIX;LOJA;19/04/2026
19042026;Cliente Diversos;1659,3;0;0;0;1659,3;PIX;LOJA;19/04/2026
19042026;Cliente Diversos;530,9;0;0;0;530,9;PIX;LOJA;19/04/2026
19042026;Cliente Diversos;1237,24;0;0;0;1237,24;PIX;LOJA;19/04/2026
19042026;Cliente Diversos;429,8;0;0;0;429,8;PIX;LOJA;19/04/2026
19042026;Cliente Diversos;219,6;0;0;0;219,6;PIX;LOJA;19/04/2026
19042026;Cliente Diversos;549,6;0;0;0;549,6;PIX;LOJA;19/04/2026
19042026;Cliente Diversos;920,53;0;0;0;920,53;PIX;LOJA;19/04/2026
20042026;Cliente Diversos;109,9;0;0;0;109,9;PIX;LOJA;20/04/2026
20042026;Cliente Diversos;559,8;0;0;0;559,8;PIX;LOJA;20/04/2026
20042026;Cliente Diversos;179,8;0;0;0;179,8;PIX;LOJA;20/04/2026
20042026;Cliente Diversos;89,9;0;0;0;89,9;PIX;LOJA;20/04/2026
20042026;Cliente Diversos;389,6;0;0;0;389,6;PIX;LOJA;20/04/2026
20042026;Cliente Diversos;982,4;0;0;0;982,4;PIX;LOJA;20/04/2026
20042026;Cliente Diversos;593,73;0;0;0;593,73;PIX;LOJA;20/04/2026
20042026;Cliente Diversos;69,93;0;0;0;69,93;PIX;LOJA;20/04/2026
20042026;Cliente Diversos;259,95;0;0;0;259,95;PIX;LOJA;20/04/2026
20042026;Cliente Diversos;399,95;0;0;0;399,95;PIX;LOJA;20/04/2026
21042026;Cliente Diversos;179,9;0;0;0;179,9;PIX;LOJA;21/04/2026
21042026;Cliente Diversos;729,8;0;0;0;729,8;PIX;LOJA;21/04/2026
21042026;Cliente Diversos;917,64;0;0;0;917,64;PIX;LOJA;21/04/2026
21042026;Cliente Diversos;239,8;0;0;0;239,8;PIX;LOJA;21/04/2026
21042026;Cliente Diversos;0;0;0;0;0;PIX;LOJA;21/04/2026
21042026;Cliente Diversos;566,82;0;0;0;566,82;PIX;LOJA;21/04/2026
21042026;Cliente Diversos;287,91;0;0;0;287,91;PIX;LOJA;21/04/2026
22042026;Cliente Diversos;495,84;0;0;0;495,84;PIX;LOJA;22/04/2026
22042026;Cliente Diversos;1269,1;0;0;0;1269,1;PIX;LOJA;22/04/2026
22042026;Cliente Diversos;83,93;0;0;0;83,93;PIX;LOJA;22/04/2026
22042026;Cliente Diversos;94,95;0;0;0;94,95;PIX;LOJA;22/04/2026
22042026;Cliente Diversos;564,45;0;0;0;564,45;PIX;LOJA;22/04/2026
22042026;Cliente Diversos;109,8;0;0;0;109,8;PIX;LOJA;22/04/2026
22042026;Cliente Diversos;249,95;0;0;0;249,95;PIX;LOJA;22/04/2026
22042026;Cliente Diversos;289,9;0;0;0;289,9;PIX;LOJA;22/04/2026
22042026;Cliente Diversos;99,9;0;0;0;99,9;PIX;LOJA;22/04/2026
22042026;Cliente Diversos;1100;0;0;0;1100;PIX;LOJA;22/04/2026
22042026;Cliente Diversos;533,43;0;0;0;533,43;PIX;LOJA;22/04/2026
23042026;Cliente Diversos;188,91;0;0;0;188,91;PIX;LOJA;23/04/2026
23042026;Cliente Diversos;0;0;0;0;0;PIX;LOJA;23/04/2026
24042026;Cliente Diversos;134;0;0;0;134;PIX;LOJA;24/04/2026
24042026;Cliente Diversos;826,76;0;0;0;826,76;PIX;LOJA;24/04/2026
24042026;Cliente Diversos;251,91;0;0;0;251,91;PIX;LOJA;24/04/2026
25042026;Cliente Diversos;366,56;0;0;0;366,56;PIX;LOJA;25/04/2026
25042026;Cliente Diversos;1158,91;0;0;0;1158,91;PIX;LOJA;25/04/2026
25042026;Cliente Diversos;184,85;0;0;0;184,85;PIX;LOJA;25/04/2026
25042026;Cliente Diversos;114,9;0;0;0;114,9;PIX;LOJA;25/04/2026
25042026;Cliente Diversos;109,9;0;0;0;109,9;PIX;LOJA;25/04/2026
25042026;Cliente Diversos;299,85;0;0;0;299,85;PIX;LOJA;25/04/2026
25042026;Cliente Diversos;388,63;0;0;0;388,63;PIX;LOJA;25/04/2026
25042026;Cliente Diversos;259,95;0;0;0;259,95;PIX;LOJA;25/04/2026
25042026;Cliente Diversos;159,9;0;0;0;159,9;PIX;LOJA;25/04/2026
25042026;Cliente Diversos;243,51;0;0;0;243,51;PIX;LOJA;25/04/2026
25042026;Cliente Diversos;83,93;0;0;0;83,93;PIX;LOJA;25/04/2026
25042026;Cliente Diversos;219,8;0;0;0;219,8;PIX;LOJA;25/04/2026
26042026;Cliente Diversos;1142,64;0;0;0;1142,64;PIX;LOJA;26/04/2026
26042026;Cliente Diversos;239,9;0;0;0;239,9;PIX;LOJA;26/04/2026
26042026;Cliente Diversos;249,9;0;0;0;249,9;PIX;LOJA;26/04/2026
26042026;Cliente Diversos;179,9;0;0;0;179,9;PIX;LOJA;26/04/2026
26042026;Cliente Diversos;1396,2;0;0;0;1396,2;PIX;LOJA;26/04/2026
26042026;Cliente Diversos;64,95;0;0;0;64,95;PIX;LOJA;26/04/2026
26042026;Cliente Diversos;711,63;0;0;0;711,63;PIX;LOJA;26/04/2026
26042026;Cliente Diversos;529,9;0;0;0;529,9;PIX;LOJA;26/04/2026
26042026;Cliente Diversos;659,7;0;0;0;659,7;PIX;LOJA;26/04/2026
26042026;Cliente Diversos;749,9;0;0;0;749,9;PIX;LOJA;26/04/2026
27042026;Cliente Diversos;279,9;0;0;0;279,9;PIX;LOJA;27/04/2026
27042026;Cliente Diversos;2039,9;0;0;0;2039,9;PIX;LOJA;27/04/2026
28042026;Cliente Diversos;119,8;0;0;0;119,8;PIX;LOJA;28/04/2026
28042026;Cliente Diversos;756,85;0;0;0;756,85;PIX;LOJA;28/04/2026
28042026;Cliente Diversos;521,82;0;0;0;521,82;PIX;LOJA;28/04/2026
28042026;Cliente Diversos;1213,82;0;0;0;1213,82;PIX;LOJA;28/04/2026
28042026;Cliente Diversos;983,92;0;0;0;983,92;PIX;LOJA;28/04/2026
28042026;Cliente Diversos;344,85;0;0;0;344,85;PIX;LOJA;28/04/2026
28042026;Cliente Diversos;479,71;0;0;0;479,71;PIX;LOJA;28/04/2026
